url,status_code
https://www.factorybuys.com.au/products/euro-top-mattress-king,200
https://dunlin.com.au/products/beadlight-cirrus,200
https://themodern.net.au/products/hamar-plant-stand-ash,200
https://furniturefetish.com.au/products/oslo-office-chair-white,200
https://hemisphereliving.com.au/products/,200
https://home-buy.com.au/products/bridger-pendant-larger-lamp-metal-brass,Cannot connect to host home-buy.com.au:443 ssl:default [Name or service not known]
https://interiorsonline.com.au/products/interiors-online-gift-card,200
https://beckurbanfurniture.com.au/products/page/2/,Cannot connect to host beckurbanfurniture.com.au:443 ssl:default [Name or service not known]
https://livingedge.com.au/products/tables/dining,200
https://edenliving.online/collections/summerloving/products/nice-lounge-1,404
https://www.ourfurniturewarehouse.com.au/products/athens-3pce-lounge-includes-2x-armless-3-seater-and-corner-ottoman-in-grey-storm-fabric?_pos=1&_sid=9f9ca4320&_ss=r,404
https://cane-line.co.uk/collections/news-2020/products/breeze-sunbed-5569,404
https://haute-living.com/products/beam-desk,404
https://www.knoll.com/design-plan/products/by-designer/knoll,403
https://www.balirepublic.com.au/products/fabric-cleaner,403
https://vastinterior.com.au/products/samson-daybed-single-2,200
https://www.hudsonfurniture.com.au/products/string-weave-timber-stool,200
https://premiumpatio.com.au/products/outdoor-tables/page/3/,404
https://dhfonline.com/products/gift-card,200
https://furnish123watertown.com/products/,"Cannot connect to host furnish123watertown.com:443 ssl:True [SSLCertVerificationError: (1, ""[SSL: CERTIFICATE_VERIFY_FAILED] certificate verify failed: Hostname mismatch, certificate is not valid for 'furnish123watertown.com'. (_ssl.c:1006)"")]"
https://www.tandemarbor.com/products/kaiser-box-bed-blush-plush-velvet,200
https://www.perchfurniture.com/products/hoyt-chair,200
http://www.vawayside.net/store/products/tag/beds,404
https://curiousgrace.com.au/products/cleo-desk-lamp,"0, message='', url='https://curiousgrace.com.au/products/cleo-desk-lamp'"
https://modshop1.com/collections/amalfi/products/amalfi-3-door-credenza,404
https://www.scandesign.com/products/pavia-sectional-ivory,404
https://www.sofamania.com/products/carl-victorian-inspired-velvet-button-detail-vanity-accent-stool,404
https://www.fentonandfenton.com.au/products/gift-card&media=http://cdn.shopify.com/s/files/1/1909/9637/products/GiftVouchers_Product_1024x1024.jpg&description=Gift%20Card%20%23Art-Lover%20%23Birthday%20%23Colour-Lover,404
https://4-chairs.com/products/mason-chair,200
https://www.theinside.com/products/x-bench-onyx-austin-stripe-by-old-world-weavers/PTM_XBench_OnyxAustinStripeByOldWorldWeavers,200
https://stationfurniture.store/products/milano,404
https://pinchdesign.com/products/yves-desk,200
https://www.do-shop.com/products/gift-card,200
https://claytongrayhome.com/products/palecek-coco-ruffle-mirror,200
https://dfohome.com/products/patio-furniture/swings/all-swings,200
https://acmeshelving.com/collections/signs/products/sale,404
https://www.kmpfurniture.com/fire_collection/products/beds_80.html,200
https://www.jseitz.com/products/buddha,403
https://www.furnitureworldgalleries.com/products/,Cannot connect to host www.furnitureworldgalleries.com:443 ssl:default [Temporary failure in name resolution]
https://www.homekoncepts.com/products/furniture/tables/end-tables/,Cannot connect to host www.homekoncepts.com:443 ssl:default [Name or service not known]
https://cityfurnitureshop.com/collections/greenington/products/azara-bed,404
https://www.theguestroomfurniture.com/products/,200
https://www.danishinspirations.com/products/products/bedroom/page/3/,200
https://columbineshowroom.com/products/,200
https://emfurn.com/products/aaron-sofa,404
https://fmvegas.com/products/carlo-dresser,404
https://nicoyafurniture.com.au/products/playa-bowl,Cannot connect to host nicoyafurniture.com.au:443 ssl:default [Name or service not known]
https://galvinbrothers.co.uk/products/alfandbud,200
https://tyfinefurniture.com/products/enso-platform-bed,200
https://24estyle.com/products/eliza-fan,200
https://shopspencerfurnituresiouxfalls.com/products/glass-lamp,404
https://bryantscountrystore.com/products/deli-sandwich-carryout,404
https://vincentdesign.com.au/products/spaltekanden-big-white,404
https://magnolialane.biz/products/anika-cushion,404
https://blupeter.com.au/products/tulip-object,"Cannot connect to host ww38.blupeter.com.au:80 ssl:default [Multiple exceptions: [Errno 111] Connect call failed ('0.0.0.0', 80), [Errno 111] Connect call failed ('::', 80, 0, 0)]"
https://www.cranmorehome.com.au/products/gift-card,200
https://www.vavoom.com.au/products/ebony-chest,200
https://www.goodwoodfurniture.com.au/products/wardrobes/colonial-robe/,200
https://valentinesfurniture.com.au/products/,404
https://www.loungesplus.com.au/products/baird-fabric-lounge-package,200
https://www.yellowleafhammocks.com/products/hammock-gift-card,200
https://asplundstore.se/products/fish-bricka,200
https://distinctive-interiors.com/products/,403
https://runyonsfinefurniture.com/products/alf-bar-stool,404
https://www.comfortfurniture.com.sg/sale/products/office,200
https://karladubois.com/products/wooster-convertible-crib,404
https://brownsquirrelfurniture.com/furniture/rest-bedrooms/rest-beds/sleep-queen/products/laurel-sleigh/,404
https://viesso.com/products/haru-bed,404
https://floydhome.com/products/the-floyd-hat,404
https://www.mybudgetfurniture.com/products/3pc-sectional,"Cannot connect to host www.mybudgetfurniture.com:443 ssl:True [SSLCertVerificationError: (1, ""[SSL: CERTIFICATE_VERIFY_FAILED] certificate verify failed: Hostname mismatch, certificate is not valid for 'www.mybudgetfurniture.com'. (_ssl.c:1006)"")]"
https://www.fiveelementsfurniture.com/collections/sola-office-collection/products/sola-lift-desk,404
https://www.fads.co.uk/products/living/sofas/sofa-beds/,200
https://test-danish-inspirations.pantheonsite.io/products/products/bedroom/page/3/,530
https://www.hipvan.com/products/sleep-mattress?ref=nav_dropdown,"400, message='Got more than 8190 bytes (15946) when reading Header value is too long.', url='https://www.hipvan.com/products/sleep-mattress?ref=nav_dropdown'"
https://dev-danish-inspirations.pantheonsite.io/products/products/bedroom/page/3/,530
https://houseofhollingsworthblog.com/products/locker,Cannot connect to host houseofhollingsworthblog.com:443 ssl:default [Name or service not known]
https://www.wardrobe-bunk-bed-sofa.uk/products/wardrobe-ava-4-3,404
https://dwell.co.uk/products/sleep/type/bed/,403
https://www.hopewells.co.uk/products/living-dining/sofas-chairs/tetrad/tetrad-patna-chair,404
https://kokocollective.com.au/products/esme-natural-rattan-day-bed,200
https://www.timothyoulton.com/products/living/sectional-sofas,200
https://www.warmnordic.com/global/products/news,200
https://www.royaloakfurniture.co.uk/products/pop-bench,200
https://mulamu.com/products/membership,200
http://www.genesisfurniturelv.com/products/,200
https://daufurniture.com/products/style/transitional/dana-upholstered-bed/,530
https://www.waynesfinefurnitureandbedding.com/search/products/?s=power+recliners&pp=120,200
https://theodores.com/products/,200
https://www.theoakfurnitureshop.com/products/country-trend-solid-oak-tv-stand-51/,200
https://totalpatioaccessories.com/products/product07,404
https://www.groensfinefurniture.com/products/Miscellaneous/misc/394554.html,404
https://yesterdaystreefurniture.com/products/gifts/,403
https://www.jensen-lewis.com/products/guardsman-gold-complete-plan,200
https://www.popandscott.com/products/raffia-sun,404
https://shophorne.com/products/sarpaneva-cast-iron-casserole,404
https://cultdesign.co.nz/products/molloy-chair,200
https://www.gloster.com/en/products/materials/teak,200
https://thebrick.com/products/tacoma-chest,404
https://capsulehome.com/products/frey-sofa'%3EFrey%20Sofa%3C/a%3E%20and%20I%20wanted%20to%20share%20it%20with%20you,404
https://www.altamodafurniture.com/products/Woodworks/ca_ww/3701npt.html,403
https://www.normann-copenhagen.com/en/en/products/tivoli/lamps/toli-lamp--20-cm-eu-5005028,200
https://www.gowfb.com/products/patio-set-covers,404
https://allwoodfurn.com/products/group-119-rustic-two-tone-gathering-table-and-barstools,200
https://decorum-shop.co.uk/products/gift-card-10-25-50-100,"Cannot connect to host decorum-shop.co.uk:443 ssl:True [SSLCertVerificationError: (1, ""[SSL: CERTIFICATE_VERIFY_FAILED] certificate verify failed: Hostname mismatch, certificate is not valid for 'decorum-shop.co.uk'. (_ssl.c:1006)"")]"
https://lostine.com/products/jack-chairs,200
https://designkollective.com/stores/woodlandcreek/products/76623,404
https://www.somedaydesigns.co.uk/products/muuto-tip-lamp?variant=513748041743,200
https://www.mainecottage.com/collections/workspace/products/big-cay-desk,200
https://pawleysislandhammocks.com/products/swings/rope,404
https://homeresource.com/products/series-7-chair&media=http://cdn.shopify.com/s/files/1/1170/0268/products/Series-7-ann-1423601841_1024x1024.jpeg&description=Series%207%20Chair%20%23Chairs,404
https://www.antoninimodernliving.com/products/,200
https://www.shorehousefurniture.com/products/Rowe-Furniture/rowe/c396sect.html,403
https://www.jandjtreasuretrove.net/apps/webstore/products/show/8098794,Cannot connect to host www.jandjtreasuretrove.net:443 ssl:default [[SSL: TLSV1_ALERT_INTERNAL_ERROR] tlsv1 alert internal error (_ssl.c:1006)]
https://www.idcmn.com/products/sun-company-861013-queen-bed&source=webclient,404
https://calligarisla.com/products/living/sofas/metro/minimal-and-contemporary-modular-sofa,Cannot connect to host calligarisla.com:443 ssl:default [No address associated with hostname]
https://stealasofa.com/products/isla-gray-fabric-sectional-sofa-4249,404
https://urbanfurnishing.net/products/5a-rio,404
https://vancouverwoodworks.com/products/aamerica-wslcb5091,200
https://www.kannoa.com/products/lipa-barstool,200
https://furnitureoutletnc.com/products/deluxe-full-mattress,200
https://www.furnituremarts.com/products/gallery-home.aspx,"Cannot connect to host www.furnituremarts.com:443 ssl:True [SSLCertVerificationError: (1, ""[SSL: CERTIFICATE_VERIFY_FAILED] certificate verify failed: Hostname mismatch, certificate is not valid for 'www.furnituremarts.com'. (_ssl.c:1006)"")]"
https://osmen.com.au/products/customize-cushion,404
https://www.stevenshellliving.com/products/piccolo-jug,404
https://www.thefurnituremegastore.co.uk/products/noir-80x180-cm-wall-mirror,200
https://contempoconcepts.com/products/winndom-berkeley-iii?_pos=1&_sid=362e09ca2&_ss=r,404
https://eurolivingfurniture.com/products/746-writing-desk,200
https://www.efurnitureny.com/products/wardrobes-and-closets/wardrobe-closet-and-armoires,200
https://sarahellison.com.au/collections/all/products/muse,404
https://oakspecialists.com/products/bedroom/beds/63/,403
https://midinmod.com/products/vendetta-bookcase%20via%20@https://twitter.com/midinmod?lang=en,404
https://www.unclaimed-furniture.com/products/Standard-Furniture/stand/11406.html,403
http://www.kis-lv.com/Products/products.html,Cannot connect to host www.kis-lv.com:80 ssl:default [Name or service not known]
https://wayborn.com/products/,404
https://www.bovafurniture.com/products/office/desks/page/2/,404
https://hauslondon.com/products/gift-card,200
https://allworldfurniture.com/products/sallie-stool&via=http://www.twitter.com/alworldfurnitur&text=Euro%20Style%20Sallie%20Accent%20Stool,200
https://decorium.us/products/costa-adjustable-barstool,200
https://www.softsquare.com/collections/usm-haller/products/usm-haller-media-o1,200
https://www.rockymountain.furniture/products/jofran/15003.html,403
https://www.statewidefurniture.com/products/Ashley-Furniture/ashley/1010494.html,403
https://huckandpeck.com/products/gift-card,404
https://najarianfurniture.com/products/roma-sofa-pebble,200
https://qualitywoods.com/products/qw-amish-mckee-6pc-dining-set?variant=31793708105810,200
https://mybossfurniture.com/products/tullis-2&via=&text=Tullis%20Cream/Navy/Gray%20Medium%20Rug,Server disconnected
https://www.furnish123quadcities.com/search/products/?s=36505,Cannot connect to host www.furnish123quadcities.com:443 ssl:default [None]
https://americanbackyard.com/products/gift-card,200
https://www.roccityfurniture.com/products/abney-4pc-set/,404
https://www.sutherlandfurniture.com/collections/quick-ship/products/franck-sofa-quickship,404
https://craftassociatesfurniture.com/products/craft-associates-wool-lounge-chairs-1519,200
https://huset-shop.com/products/gift-card,200
https://www.scotmeachamwoodhome.com/products/hodges-tweed,200
https://www.espasso.com/products/tearsheet/1815,200
https://sika-design.com/products/belladonna-nature,200
https://www.dimshome.com/products/eave-desk,410
https://thebellacottage.com/products/barrel-bar,200
https://www.skandium.com/products/ch24-soft,200
https://www.woodwaves.com/products/gray-floating-tv-stand-entertainment-center-eco-geo-lakewood,404
https://sjotime.com/products/notch-desk,404
https://www.puji.com/www.puji.com/products/urban-industrial-bistro-dining-table,451
https://littlepartners.com/products/bentwood,404
https://jeremiahcollection.com/products/record-storage-console,200
https://www.shoptorious.com/products/nova-domus-jagger-modern-dark-grey-walnut-bedroom-set,404
https://thefinestore.com/products/gift-card,200
http://oot-oot.com/products/,
https://lorfords.com/collections/the-armchair-collection/products/the-bayswater-armchair,200
https://www.arighibianchi.co.uk/collections/new-in-homepage/products/birds-coat-rack,404
https://idlehands.design/products/page/2/,404
https://www.diyfurniturestore.com/products/inside-out,"Cannot connect to host www.diyfurniturestore.com:443 ssl:True [SSLCertVerificationError: (1, ""[SSL: CERTIFICATE_VERIFY_FAILED] certificate verify failed: Hostname mismatch, certificate is not valid for 'www.diyfurniturestore.com'. (_ssl.c:1006)"")]"
https://pastperfect.sg/products/,200
https://bastilleandsons.com.au/products/ottoman-leo,Cannot connect to host bastilleandsons.com.au:443 ssl:default [No address associated with hostname]
https://classicwithatwist.com.au/products/1900-bench,200
https://apato.com.au/products/work/kobo-st-desk/,404
https://thewoodroom.com.au/products/take-me-back,404
https://thebanyantree.com.au/products/gift-card,200
https://ardoutdoor.com/products/,200
https://hauserstores.com/products/mesa-sofa?view=product-alt,200
https://boahaus.com/products/boahaus-urban-dressing-table,200
https://tabularasa-furniture.com/collections/frontpage/products/ohmm-fiesta,403
https://livingbydesign.net.au/products/sorensen-teak-bench-seat-dining,200
https://www.living-home.co.uk/products/58-07-valencia-side-table,200
https://relm.com.au/products/,200
https://www.harpersproject.com/products/marble-stool,
https://www.morningstartrading.ca/pages/products/recycled-treasures-consignment-pieces/hidden-treasure,404
https://www.bellus.com/products/,200
https://www.hatihome.com/products/lounge-cane,404
https://www.meta44.com/products/homeland,"Cannot connect to host www.meta44.com:443 ssl:default [Connect call failed ('44.207.39.65', 443)]"
https://modernkomfort.ca/products/glen,200
https://www.aarniooriginals.com/collections/shop/products/pony,200
https://chansfurniture.com/products/copy-of-42-tennant-brand-modern-style-beatrice-bathroom-sink-vanity-tb-9433-v42-wenge-color,200
https://alasaw.com/products/sample-box,404
https://hedgehousefurniture.com/products/windsor-bed,200
http://www.mountainteak.com/products/designer-teak-furniture/,404
https://www.lestudiolum.com/us/products/textiles/throws/,404
https://www.ameriwoodhome.com/Products/Storage/All/,404
https://www.homeandstyle.com.sg/products/richmond-sofa-grey,404
https://shop.vanillawood.com/products/plume-wallpaper,200
http://modliving.com.ph/products/,200
https://curiocavern.ph/products/cow-skull,"Cannot connect to host curiocavern.ph:443 ssl:True [SSLCertVerificationError: (1, ""[SSL: CERTIFICATE_VERIFY_FAILED] certificate verify failed: Hostname mismatch, certificate is not valid for 'curiocavern.ph'. (_ssl.c:1006)"")]"
https://www.mossmanilahome.com/products/,Cannot connect to host www.mossmanilahome.com:443 ssl:default [Name or service not known]
https://oakforless.com/products/gift-card,200
https://www.castlery.com/products/spot-shelf,200
https://www.getmycouch.com/collections/sofa/products/sofa-sectional-bed-fn-gmc-008237,404
https://www.castlery.com.au/products/mico-stool?quantity=1,404
https://homestreethome.ie/products/zinc-tray,200
https://nazzek.myshopify.com/products/wooden-coffee-table,402
https://www.myconcept.com.hk/products/moo,200
https://newforestrusticfurniture.co.uk/products/rustic-ruler-height-chart,"Cannot connect to host newforestrusticfurniture.co.uk:443 ssl:True [SSLCertVerificationError: (1, ""[SSL: CERTIFICATE_VERIFY_FAILED] certificate verify failed: Hostname mismatch, certificate is not valid for 'newforestrusticfurniture.co.uk'. (_ssl.c:1006)"")]"
https://www.starliving.com.sg/products/heather-armchair,404
https://vauntdesign.com/products/forna-plant-stand-small,200
https://www.langria.com/products/laptop-desk-cart,
https://www.kolocollection.com/collections/lounging/products/bentley-sofa-in-oyster-weave,404
https://asianteakfurniture.com/products/bali-teak-bench-atf388,200
https://furnitica-vinova.myshopify.com/products/enim-donec-pede,200
https://jordanshome.ca/products/blue-vase,404
https://mikazahome.ca/products/page/4/,200
https://barnabylane.com.au/products/spensley-tan,200
https://urbangalleria.com/products/rowan-pod-swing,404
https://www.modernfurniture.com.au/collections/on-sale/products/vision-suspended-sunbed,200
https://www.granitelane.com.au/products/flourish-print,404
https://teak-furniture-singapore.com/products/sweden-side-table,200
https://teak-warehouse-sale.com/products/tws889lt-000-ta-lp,200
https://www.countrysideamishfurniture.com/products/home-entertainment-centers/all/P40,403
https://www.modishstore.com/products/twos-company-sunburst-antiqued-gold-wall-mirror,200
https://www.stylemyhome.com.au/products/regency-three-drawer-chest,404
https://loft-theme-demo-nashville.myshopify.com/products/black-chair,200
https://teakco.com/products/amsterdam-2-drawer-bedside-table-tek168bs-002-ta,200
https://www.skovby.com/en-gb/products/tv-cabinets/skovby-86,404
https://boulevardoutdoorfurniture.com/products/surin-lounge-set,404
https://big-sale-furniture.com/products/amsterdam-bench-150-x-35-be-150-35-ta,200
https://taktcph.com/products/,200
https://www.blackmango.com.au/products/gift-card,200
https://jnmhome.ca/products/kuma-artwork,404
https://candb.ca/products/10-gel-memory-foam-mattress,200
https://www.oopenspace.com/products/nova-3,404
http://gharwakhri.com/Products/Bed-Room,404
https://thonet.co.nz/products/all,200
https://www.nigbursfinefurniture.com/products/,"Cannot connect to host www.nigbursfinefurniture.com:443 ssl:True [SSLCertVerificationError: (1, ""[SSL: CERTIFICATE_VERIFY_FAILED] certificate verify failed: Hostname mismatch, certificate is not valid for 'www.nigbursfinefurniture.com'. (_ssl.c:1006)"")]"
https://brownandbeam.com/products/hunts-pouf,404
https://furniturestoresalemoregon.com/products/amish-furniture/style-your-own-syo/,404
https://www.dengiloutdoorfurniture.com/products/sofa-sets/rattan-sofa-sets/,"Cannot connect to host ww38.dengiloutdoorfurniture.com:80 ssl:default [Multiple exceptions: [Errno 111] Connect call failed ('0.0.0.0', 80), [Errno 111] Connect call failed ('::', 80, 0, 0)]"
https://taeillo.com/products/ada,200
https://birba.co.za/products/elkay-coffee-table-with-black-resign-line-detail,402
https://zenchair.co.za/products/galileo-backrest-for-outdoors,404
https://ubikhome.co.za/products/ada-tv-stand,200
https://vintage-etc.com/products/tabeni-coat-stand,200
https://www.youngath-art.com/products/free-gift-with-every-kids-bed-purchase,404
https://www.hamac-shop.be/products/hamac-brasil-xxl-vert,200
https://www.masayacompany.com/collections/featured/products/wood-leather-ottoman,404
https://ikonitaly.com/products/minimaproject-chieut-table,200
https://arkaliving.com/products/african-palm-woven-chair,404
https://www.cmphouse.com/products/huntington%E2%84%A2-8pc-patio-sofa-and-lounge-chair-set,200
https://inliving.com/products/,Cannot connect to host inliving.com:443 ssl:default [None]
https://www.oakvillage.co.uk/products/woburn-painted-wine-rack%20via%20@//twitter.com/oakvillage,200
https://waltercox.co.uk/products/,200
https://davidsfurniture.com/collections/quick-ship-furniture/products/craftmaster-bang-bang-sofa,"Cannot connect to host davidsfurniture.com:443 ssl:True [SSLCertVerificationError: (1, ""[SSL: CERTIFICATE_VERIFY_FAILED] certificate verify failed: Hostname mismatch, certificate is not valid for 'davidsfurniture.com'. (_ssl.c:1006)"")]"
http://www.diamondfurniturepremier.com/products/,200
https://www.fdxonline.com/en/en/products/chaise-lounge-by-dfn,Cannot connect to host www.fdxonline.com:443 ssl:default [Name or service not known]
https://www.212concept.com/products/ikon-sofa,200
https://www.stacksfurniture.co.nz/products/rapaki3seatsofa-fog,404
https://vintagehomeboutique.ca/products/zinolin-teak-oil,200
https://bydesignmodern.com/products/dining-chairs-314-080,404
https://www.couchpotatocompany.com/collections/best-sellers/products/ro-armchair,200
https://www.bfelix.com/products/lanceros-sofa,"Cannot connect to host www.bfelix.com:443 ssl:True [SSLCertVerificationError: (1, ""[SSL: CERTIFICATE_VERIFY_FAILED] certificate verify failed: Hostname mismatch, certificate is not valid for 'www.bfelix.com'. (_ssl.c:1006)"")]"
https://mueblesitaliano.ph/products/,200
https://www.laura-james.co.uk/products/coffee-table-corona,200
https://emesfurnishop.co.uk/products/ivo-wardrobe,200
https://mossgardenhome.com/products/woodland-puzzle,200
https://www.amcfurniture.co.uk/products/1-6m-loui-dining-table-with-4-nicole-chairs,404
https://timelessdesign.com.my/products/l-a-lcw-lounge-chair,404
https://atomi.shop/products/wallpaper,404
https://www.houzzconcept.com.au/products/ino-sideboard,Cannot connect to host www.houzzconcept.com.au:443 ssl:default [Name or service not known]
https://lesa.com.my/website2019/products/living/,200
https://kenittifurniture.com/products/tv-cabinet-mn681,Cannot connect to host kenittifurniture.com:443 ssl:default [Name or service not known]
https://www.mfdesign.com.my/collections/sales-05/products/mf-design-sofa-3-seater-sales-05,404
https://nyfurnitureoutlets.com/products/acme-furniture-versailles-classic-bed-king,403
https://www.mydiscountmalta.com/products/mdm-wardrobe,200
http://www.muuduufurniture.com/products/frame-material/wood/,200
https://ifurnituresupply.com/products/spray-adhesive,200
https://lazysusansusa.com/products/ls-16-myr-16-inches-in-diameter,200
https://www.pacificlifestyledecor.com/products/outdoor-patio-pool-and-garden-wicker-storage-box,Cannot connect to host www.pacificlifestyledecor.com:443 ssl:default [Name or service not known]
https://www.willowcreekteak.com/products/8pc-venice,200
https://www.furnitureworldsaskatoon.com/products/,403
https://hklivingusa.com/products/marble-terrazzo-board-multi-color,200
https://foxwoodmerchants.com/products/v-table-need-info,200
https://scenicdecor.ca/products/grasshopper-storage-bin,200
https://rusticcraft.ca/products/rocking-chair,"Cannot connect to host rusticcraft.ca:443 ssl:True [SSLCertVerificationError: (1, ""[SSL: CERTIFICATE_VERIFY_FAILED] certificate verify failed: Hostname mismatch, certificate is not valid for 'rusticcraft.ca'. (_ssl.c:1006)"")]"
https://rusteak.com/products/sofa,404
https://www.ambersfurniture.com/products/win-table,404
https://fredericksgallery.ca/collections/bars/products/sonoma-695-064,404
https://www.18karatstore.com/collections/new/products/argea,200
https://mesasilla.ca/products/,Cannot connect to host mesasilla.ca:443 ssl:default [Temporary failure in name resolution]
https://www.herashome.com/products/462,"Cannot connect to host www.herashome.com:443 ssl:True [SSLCertVerificationError: (1, ""[SSL: CERTIFICATE_VERIFY_FAILED] certificate verify failed: Hostname mismatch, certificate is not valid for 'www.herashome.com'. (_ssl.c:1006)"")]"
https://minimalandmodern.ca/products/moes-home-collection-raw-city-at-large-wp-1105-37,Cannot connect to host minimalandmodern.ca:443 ssl:default [Name or service not known]
https://www.equilibriumfurnishings.com/products/abby-walnut-credenza,404
https://htinteriors.ca/products/cross-bench,Cannot connect to host htinteriors.ca:443 ssl:default [Name or service not known]
https://designhouse.com/products/pig-bank,200
https://mildanmarket.com/products/bling-mirror-30,404
https://varkoa.com/products/sven-chair,"Cannot connect to host ww25.varkoa.com:80 ssl:default [Multiple exceptions: [Errno 111] Connect call failed ('0.0.0.0', 80), [Errno 111] Connect call failed ('::', 80, 0, 0)]"
https://treaclegeorge.com/products/gift-voucher,404
http://veranda.com.au/products/#outdoor-anchor,200
https://syscomseatings.com/products/workstation-manufacturers-bangalore/tile/,200
https://www.50-online.com/products/wooden-house-ornament,404
http://thomsonfurnitureonline.com/products/,404
http://www.bycollage.com/products/?product_tag=flux,Server disconnected
https://boneinlayhome.com.au/products/bone-inlay-french-drawers-floral-grey,"Cannot connect to host boneinlayhome.com.au:443 ssl:True [SSLCertVerificationError: (1, ""[SSL: CERTIFICATE_VERIFY_FAILED] certificate verify failed: Hostname mismatch, certificate is not valid for 'boneinlayhome.com.au'. (_ssl.c:1006)"")]"
https://www.insaraf.com/products/solid-wood-coasters,200
https://homedesignstoreflorida.com/products/rebecca-bed-king-size,404
https://www.lakkadhaara.com/products/sheesham-made-wooden-khat,404
https://www.kid2youth.in/products/duo-ergonomic-chair,Cannot connect to host www.kid2youth.in:443 ssl:default [Name or service not known]
https://www.nsquarestudio.com/products/odin-bedside-table,200
https://lovenlight.eu/products/page/3/,200
http://www.komodromos.com.cy/products/special-offers/page/2/,404
https://bedesign.fi/products/gift-card,404
https://scanteak.com.sg/products/apen-bookcase,200
https://www.elementsconcept.com.sg/collections/lighting/products/light-shade,"Cannot connect to host www.elementsconcept.com.sg:443 ssl:True [SSLCertVerificationError: (1, ""[SSL: CERTIFICATE_VERIFY_FAILED] certificate verify failed: Hostname mismatch, certificate is not valid for 'www.elementsconcept.com.sg'. (_ssl.c:1006)"")]"
http://roomyroom.com/collections/writing-table/products/french-riviera-paris-3-drawer-desk-rmy238,200
https://www.finnavenue.com/products/carrara-round-dining-table,200
https://singaporetradingpost.com/products/decorative-white-carved-console,404
https://singapore-furniture-sale.com/products/naples-teak-coffee-table-40x60x100-sfs638ct-000-ta,423
https://www.ministryofchair.com/products/cushion-lapland,404
https://1outdoorfurniture.com/products/asmund-outdoor-console-table-with-2-sink-set-1tf168inx-console-table-2-sink-set,200
https://wholesaleclassicfurniture.com/products/lyon-french-victorian-lamp-table-bedside-timber-bedside-table-white-wcf168bs-101-pn-wh_1,200
https://www.novena.com.sg/collections/stayhome-collection-for-immediate-delivery/products/altas-dining-set-solid-wood,200
https://taylorbdesign.com/products/hb-1441,"Cannot connect to host taylorbdesign.com:443 ssl:True [SSLCertVerificationError: (1, ""[SSL: CERTIFICATE_VERIFY_FAILED] certificate verify failed: Hostname mismatch, certificate is not valid for 'taylorbdesign.com'. (_ssl.c:1006)"")]"
https://houseofanli.com/products/gift-card,200
https://hemma.sg/products/flower-planter?_pos=1&_sid=7be5737ba&_ss=r,200
https://wholesaleteakcompany.com/collections/frontpage/products/sonoma-los-angeles-mirror-back-teak-glass-display-cabinet-wtc288dc-200-mr-pnm,200
https://www.bibliotek.co/collections/featured/products/bird-oak-large,"Cannot connect to host www.bibliotek.co:443 ssl:True [SSLCertVerificationError: (1, ""[SSL: CERTIFICATE_VERIFY_FAILED] certificate verify failed: Hostname mismatch, certificate is not valid for 'www.bibliotek.co'. (_ssl.c:1006)"")]"
https://warehaus.sg/products/boris-chair,404
https://home99.sg/products/l-shape-half-leather-sofa-lp860,Cannot connect to host home99.sg:443 ssl:default [Name or service not known]
https://hmezsofa.sg/products/marble-tray,Cannot connect to host hmezsofa.sg:443 ssl:default [Name or service not known]
https://www.nookandcranny.com/products/valda-sofa,404
https://www.vetrohome.com/products/dice-sofa,200
https://www.gowanusfurniture.com/www.gowanusfurniture.com/products/class-make-your-own-custom-cutting-board,404
https://epilog.co.id/products/telephone-box,"Cannot connect to host epilog.co.id:443 ssl:True [SSLCertVerificationError: (1, ""[SSL: CERTIFICATE_VERIFY_FAILED] certificate verify failed: Hostname mismatch, certificate is not valid for 'epilog.co.id'. (_ssl.c:1006)"")]"
https://gingerjarfurniture.com/products/page/3/,500
https://solidaustin.com/products/cooks-sofa,404
https://alteriors.ca/collections/herman-miller/products/nelson-saucer-bubble-lamp,200
http://www.italiafurniture.com/products/ellis-dining-collection,404
https://onske.co.uk/products/gift-card,404
https://ilrestaurato.com/products/chrome-counter-bar-stools-1970s,404
https://www.eurohausfurniture.com/products/novaluna-parigi-platform-bed,200
https://www.ultimateliving.co.nz/products/adam,200
https://www.rimufurniture.co.nz/products/riviera-1900-hutch-2/,200
https://www.zavedo.nz/collections/wall-hooks/products/soho-hook-50,200
https://polini.co.nz/products/changing-table-polini-simple-1080-white,"Cannot connect to host polini.co.nz:443 ssl:True [SSLCertVerificationError: (1, ""[SSL: CERTIFICATE_VERIFY_FAILED] certificate verify failed: Hostname mismatch, certificate is not valid for 'polini.co.nz'. (_ssl.c:1006)"")]"
https://basefurniture.co.nz/products/pegboard,Cannot connect to host basefurniture.co.nz:443 ssl:default [Name or service not known]
https://www.hammockshop.co.nz/products/childrens-hammock-chair,404
https://www.attichomestore.co.nz/products/maori-hand-carved-wooden-taiha,Cannot connect to host www.attichomestore.co.nz:443 ssl:default [Name or service not known]
https://urban-beach.co.nz/products/sofa-mica?view=quick,Cannot connect to host urban-beach.co.nz:443 ssl:default [Name or service not known]
https://countrylife.co.nz/commerce/products/2890977554284032/?rt=9&referral_code=page_shop_tab&ref=page_shop_tab,404
https://www.jardin.co.nz/clearance/products/costa-chair-~-verbena/,403
https://www.corcovado.co.nz/products/the-corcovado-kea-sofa,404
https://www.lujo.co.nz/products/bean-bag-hook,200
https://www.lujoliving.com/products/bean-bag-hook,200
https://www.shopden-la.com/products/single-metal-grated-pendant-lamp-by-the-feldman-company,404
https://wrightsfurnitures.com/products/,200
https://bohovalley.com.au/products/fern-daybed,Cannot connect to host bohovalley.com.au:443 ssl:default [Name or service not known]
https://www.lounj.com.au/products/kiki-carver-chair,Cannot connect to host www.lounj.com.au:443 ssl:default [Name or service not known]
https://sofasandmore.co.nz/products/entertainment-unit-tv-unit,404
https://australianchildrensfurniture.com.au/products/modular-sectional-unit,Cannot connect to host australianchildrensfurniture.com.au:443 ssl:default [Name or service not known]
https://www.bandhinidesign.com/products/norway,404
https://www.case22.com.au/products/moooi-chess-table,404
https://www.kwikshopnship.com.au/products/rede-de-dormir-hammock,"Cannot connect to host www.kwikshopnship.com.au:443 ssl:True [SSLCertVerificationError: (1, ""[SSL: CERTIFICATE_VERIFY_FAILED] certificate verify failed: Hostname mismatch, certificate is not valid for 'www.kwikshopnship.com.au'. (_ssl.c:1006)"")]"
https://modernhomefurniture.com.au/products/albert-sofa,200
https://nestz.com.au/products/classic-chess-board,404
https://kubekfurniture.com/products/pearl-day-bed&title=Pearl%20Day%20Bed%20-%20Reserve%20one%20from%20June/July%20stock%20with%20just%20a%20deposit%20-%20CONTACT%20US,404
https://www.koernerfurniture.com/products/La-Z-Boy/lazboy/010563.html,403
https://razoutlets.com/products/table-lamp,Cannot connect to host razoutlets.com:443 ssl:default [Name or service not known]
https://all3loops.com/products/personalized-coozies,Cannot connect to host all3loops.com:443 ssl:default [Name or service not known]
https://augustusbrandt.co.uk/products/seating-2/204315/,404
https://www.konfoliving.com/products/miami-bean-bag-chair,200
https://www.zipchair.com/products/stealth-recliner-with-boston-bruins-logo,200
https://gousesfurniture.com/products/,403
https://maximahouse.com/products/denver-tv-set,404
https://www.conceptuscollection.com/products/kyu-dining-chair,"Cannot connect to host www.conceptuscollection.com:443 ssl:True [SSLCertVerificationError: (1, ""[SSL: CERTIFICATE_VERIFY_FAILED] certificate verify failed: Hostname mismatch, certificate is not valid for 'www.conceptuscollection.com'. (_ssl.c:1006)"")]"
https://woodaction.com/products/folding-wardrobe,404
https://homesteadfurniturebc.com/products/zane-bedroom-collection-please-contact-us-for-black-friday-pricing&via=hsfbc&text=Zane%20Bedroom%20Collection,404
https://popstrukt.com/products/steel-shelf-standard,404
https://dkmodernfurniture.com/products/novah-desks?variant=20650194534470,200
https://woodtribe.co.nz/products/wood-framed-signs,Cannot connect to host woodtribe.co.nz:443 ssl:default [Name or service not known]
https://www.project82.com.au/products/palermo-rug-by-armadilloampco,404
http://position-collective.com/skill/products/,200
https://www.jaimesfurniture.com/products/junior-beds-1,
https://driftingwood.in/products/driftingwood-room-garden-love-folding-table-black,200
https://studioydesign.ca/products/ontario-classic-storage-bed,404
https://pure-patio.com/products/braxton-bar-arm-chair,404
https://jubileefurniturelv.com/products/anette-modern-leather-bed,200
https://www.madebyhame.com/products/ladder,200
https://www.skyhomedecor.com/collections/kids/products/the-rug-market-doodle-71287-area-rug,"Cannot connect to host www.skyhomedecor.com:443 ssl:True [SSLCertVerificationError: (1, ""[SSL: CERTIFICATE_VERIFY_FAILED] certificate verify failed: Hostname mismatch, certificate is not valid for 'www.skyhomedecor.com'. (_ssl.c:1006)"")]"
https://interiorsinvogue.com/products/side-sofa-table-silver-finish-har189,200
https://elegantoak.co.uk/products/abbert-5ft-bed,"Cannot connect to host elegantoak.co.uk:443 ssl:True [SSLCertVerificationError: (1, ""[SSL: CERTIFICATE_VERIFY_FAILED] certificate verify failed: Hostname mismatch, certificate is not valid for 'elegantoak.co.uk'. (_ssl.c:1006)"")]"
https://emvy.gr/products/,Cannot connect to host emvy.gr:443 ssl:default [Name or service not known]
https://em-say.com/products/gift-card,"Cannot connect to host em-say.com:443 ssl:True [SSLCertVerificationError: (1, ""[SSL: CERTIFICATE_VERIFY_FAILED] certificate verify failed: Hostname mismatch, certificate is not valid for 'em-say.com'. (_ssl.c:1006)"")]"
https://rileysrealwood.com/products/detail/magnistretch-12,200
https://www.allaboutproduct.net/products/live-edge-86-metal-base-dining-table-with-matching-2-chairs-1-bench,404
https://rigersfitness.com/products/professional-wooden-rocker-balance-board,"Cannot connect to host rigersfitness.com:443 ssl:default [Multiple exceptions: [Errno 111] Connect call failed ('0.0.0.0', 443), [Errno 111] Connect call failed ('::', 443, 0, 0)]"
https://houseofdurante.co.uk/products/libra-bronze-boar-sculpture,"Cannot connect to host houseofdurante.co.uk:443 ssl:True [SSLCertVerificationError: (1, ""[SSL: CERTIFICATE_VERIFY_FAILED] certificate verify failed: Hostname mismatch, certificate is not valid for 'houseofdurante.co.uk'. (_ssl.c:1006)"")]"
https://shop-ames-interiors.com/products/gift-card,404
https://www.royalgarden.com/products/russel-4pc-seating-set,404
https://ezzo.co.uk/collections/home-page-products/products/garret-3-seat-sofa,404
https://homedesires.com/products/gift-card,200
https://sakhome.co.uk/collections/best-sellers-1/products/bibi-candle-holder-rouge,404
https://www.astellahrela.com/products/narla-tray,Cannot connect to host vrshen.com:80 ssl:default [Temporary failure in name resolution]
https://huxlo.co.uk/products/desk,404
https://centralcoastfurniture.com/collections/desks/products/lewis-desk,"Cannot connect to host centralcoastfurniture.com:443 ssl:True [SSLCertVerificationError: (1, ""[SSL: CERTIFICATE_VERIFY_FAILED] certificate verify failed: Hostname mismatch, certificate is not valid for 'centralcoastfurniture.com'. (_ssl.c:1006)"")]"
https://mandai-design.com/products/led-einbaustrahler-boston-downlight,404
https://www.furnituresales.com.au/products/200573469,404
https://www.jarrahmarri.com.au/products/corner-tv-unit,404
https://www.henryandoliverco.com/products/gift-vouchers,200
https://outonthepatio.com.au/products/aria,200
https://avehome.com/products/aria-desk,200
https://elephanthead.co.uk/products/colourful-markers-cushion-cover,200
https://www.mantrafurnishings.com/products/5285-01-chair,404
https://www.coolstuffandaccessories.com/products/white-wood-dining-table,200
https://thecooldepot.com/products/3d-cement-wall-planter,Cannot connect to host thecooldepot.com:443 ssl:default [Name or service not known]
https://ifortifi.ca/products/pl103,200
https://denvermodern.com/products/chula-outdoor-rug,404
https://famgizmo.co.uk/products/1800w-log-burning-flame-effect-stove-electric-fire-heater-fireplace-standing,"Cannot connect to host famgizmo.co.uk:443 ssl:True [SSLCertVerificationError: (1, ""[SSL: CERTIFICATE_VERIFY_FAILED] certificate verify failed: Hostname mismatch, certificate is not valid for 'famgizmo.co.uk'. (_ssl.c:1006)"")]"
https://www.interiorliving.ca/products/elaine-chair-1,404
https://www.bbdgstore.com/products/bed-pillows,410
https://french-classic-furniture.com/products/french-round-back-dining-chair-white-fcf688ch-000-rd-qa-wh_1,200
https://habitekshop.com/products/model-5-oak,200
https://homeandpatioliving.com/products/mib,404
https://www.savetheplanetfurniture.com/products/lantern-silver-cube,"Cannot connect to host www.savetheplanetfurniture.com:443 ssl:True [SSLCertVerificationError: (1, ""[SSL: CERTIFICATE_VERIFY_FAILED] certificate verify failed: Hostname mismatch, certificate is not valid for 'www.savetheplanetfurniture.com'. (_ssl.c:1006)"")]"
https://www.greensladesfurniture.co.nz/collections/rugs/products/nebraska-floor-rug-ash,404
https://www.loomlan.com/collections/modern-furniture-sofa-loveseat-tufted-leather-blue-velvet/products/dean-92-california-casual-sofa,200
https://plankandpipe.co.uk/products/copper-pipe-clothes-hanger-hooks,200
https://www.pizzazzhub.com.au/products/4-tier-tv-media-stand,Cannot connect to host www.pizzazzhub.com.au:443 ssl:default [Name or service not known]
https://www.polyteakoutdoor.com/products/polyteak-curved-outdoor-rocking-chair,200
https://www.souk.co.nz/products/sumatra-chair%20via%20@https://twitter.com/Souk_Collective,404
https://modholic.com/products/tulip-bar-table,200
https://walkeredisonshop.com/products/jackson-slat-entry-table,404
https://stylefurniture.com.sg/products/lucas-armchair,Cannot connect to host stylefurniture.com.sg:443 ssl:default [Name or service not known]
https://www.walteralice.com/products/wool-alpaca-poly-blend-check-fireside-chair?variant=8105538551900,"Cannot connect to host www.walteralice.com:443 ssl:default [Connect call failed ('44.207.39.65', 443)]"
https://veroabode.com/products/adjustable-vintage-retro-rustic-bar-stool,404
https://www.kotihome.com.au/collections/tv/products/new-devanti-40-inch-smart-led-tv-2k-full-hd-lcd-slim-screen-black,Cannot connect to host www.kotihome.com.au:443 ssl:default [Name or service not known]
https://www.novomodern.com/products/avenue-chair,404
https://yoyo.co.nz/products/yoyo-gift-voucher,200
https://newstartfurniture.com.au/products/4-four-poster-king-bed-frame,200
https://workspaceluxe.com.au/products/6ixty-zine-desk,Cannot connect to host workspaceluxe.com.au:443 ssl:default [Name or service not known]
https://www.newleafupcycled.com.au/products/rustic-shabby-chic-bookcase,Cannot connect to host www.newleafupcycled.com.au:443 ssl:default [Name or service not known]
https://www.thedesignedit.com.au/products/daria-cushion,404
https://www.therusticfurniturestore.com/products/global-floor-lamp,404
https://dormahome.com/products/seaford-shelf-black,404
https://www.paetry.com/products/catalina-chair,Cannot connect to host www.paetry.com:443 ssl:default [Name or service not known]
https://panana.co.uk/products/3-seater-sofa-bed,200
https://mahliainteriors.com.au/collections/mothers-day-15-off-sale/products/bone-inlay-floral-box-black,200
https://reclaimedcharm.co/products/2-day-designs-dartboard-cabinet,Cannot connect to host reclaimedcharm.co:443 ssl:default [Name or service not known]
https://luxstreet.com.au/collections/outdoor/products/whitehaven-dining-chair-white-frame-white-wicker-seat,404
https://choufani.com/products/primavera-bed,200
https://copperbarnhome.com/products/gift-card,200
https://wazofurniture.com/collections/sofa/products/grant-blue-fabric-sofa,404
https://www.ofo.com.au/products/hanging-pod-chair,200
https://www.unitedoutdoorfurniture.com.au/products/scarlett-indoor-timber-buffet-sideboard%20via%20@https://twitter.com/UnitedHouse1,404
https://www.furniturecontracts.com.au/products/,200
https://www.innerspace.net.au/products/STOOLS-5414,200
https://www.generalstorefurniture.com.au/products/design-customise-your-own-timber-dining-table,404
https://www.simpli-home.com/products/braxton-desk,404
https://americanwholesalefurniturewi.com/products/,403
https://www.mykahome.com.au/products/zee-back-cushion,200
https://mrnanyang.com/products/cushioned-soft-leather-chair,404
https://www.naturalgeo.com/products/natural-geo-jasmine-modern-wavy-abstract-gray-black-area-rug,200
https://home-evolution.com/products/one-storys-not-enough/,200
https://hamptonsstyle.com.au/products/hamptons-style-gift-card,200
https://www.henkalab.com/products/kaona-table,200
https://www.bilberry-furniture.co.uk/products/test,Cannot connect to host www.bilberry-furniture.co.uk:443 ssl:default [Name or service not known]
https://bostonwoods.co.za/products/kr3-pedestal,Cannot connect to host bostonwoods.co.za:443 ssl:default [No address associated with hostname]
https://www.blockandchisel.co.za/products/special-features/promotion-53,200
https://humelabamerica.com/products/clea,Cannot connect to host humelabamerica.com:443 ssl:default [Name or service not known]
https://sghomefurnishing.com/collections/study-room/products/alvise-working-desk,
https://bydesigntexas.com/products/bdimargo%E2%84%A2-5229-media-cabinet-6-colors?_pos=1&_sid=81298bf3f&_ss=r,404
https://furnitureshop.net/products/curvy-chair,404
https://www.mooradians.com/products/?filter_brand=fairfield-chair-company,403
https://rawmaterials.eu/products/acaciawood-curved-wall-shelf-80-cm,404
https://grandads-shed.com/products/daintree-mugs,404
https://popularstores.co.za/products/te-6011,Cannot connect to host popularstores.co.za:443 ssl:default [No address associated with hostname]
https://lavida-furniture.com/products/lua,404
https://mydesignrepublic.com/collections/all/products/antika-rug,404
https://www.alwaysabargain.co.uk/products/talladale-3-over-4-chest-of-drawers,"Cannot connect to host www.alwaysabargain.co.uk:443 ssl:True [SSLCertVerificationError: (1, ""[SSL: CERTIFICATE_VERIFY_FAILED] certificate verify failed: Hostname mismatch, certificate is not valid for 'www.alwaysabargain.co.uk'. (_ssl.c:1006)"")]"
https://mintffe.com.au/products/,200
https://mikisew.ca/products/futon-mattress,"Cannot connect to host mikisew.ca:443 ssl:True [SSLCertVerificationError: (1, ""[SSL: CERTIFICATE_VERIFY_FAILED] certificate verify failed: Hostname mismatch, certificate is not valid for 'mikisew.ca'. (_ssl.c:1006)"")]"
https://modernityvintage.com/products/wilhelm-renz-metamorphic-coffee-table,200
https://mybellas.com/products/paolo-bench,200
https://www.smallspaceplus.com/products/scube,200
https://limitedabode.co.uk/products/pink-art,404
https://shabbystore.co.uk/products/the-ritz-bed%20via%20@https://twitter.com/ShabbyStore,
https://welcometohome.com.au/products/peyton,402
https://www.totemroad.com/products/gift-card,200
https://allstatefurniturenj.com/products/bayonne-bedroom-collection,
https://whataroom.com/collections/new-arrival-rugs/products/arsene-r3475-aqu000,200
http://www.odinlifestyle.com/products/collections/tyr/,404
https://perfectforthehome.co.uk/collections/occasional/products/maison-velvet-chair,404
https://penelopesgarden.us/products/cbd-starter-kit-save-5,"Cannot connect to host penelopesgarden.us:443 ssl:True [SSLCertVerificationError: (1, ""[SSL: CERTIFICATE_VERIFY_FAILED] certificate verify failed: Hostname mismatch, certificate is not valid for 'penelopesgarden.us'. (_ssl.c:1006)"")]"
https://www.wrights-furniture.com/products/La-Z-Boy/lazboy/440521.html,403
https://jeffjonesfurniture.net/products/Ashley-Furniture/ashley/b69746.html,200
https://www.klinnerfurniture.com/products/simmons/beautysleepdauphinislandtighttopplushking.html,404
https://www.lastersfurniture.com/products/surya/a10858.html,404
https://www.grainwoodfurniture.com/products/shaker-twin-panel-platform-bed,404
https://davishomefurniture.com/products/office/desk/,403
https://idsfurniture.com/categories/563349/simon/products/sim-s-ch/simon-side-chair,200
https://www.byronbayhangingchairs.com.au/products/weekender,200
https://www.homebarsusa.com/products/howard-miller-niagara-bar-693-001,200
https://www.wellhunghammocks.com/products/mexican-hammock,200
https://nofred.com/products/wall-bug,404
https://brisbanefurniture.com.au/products/linear-desk,404
https://midcenturymasters.com/products/sculptural-ebonized-credenza-with-silver-leafed-front,200
https://primrosehomeware.co.uk/products/pulley-clothes-airer-5-lath,200
https://www.ledecostyle.com/collections/featured-products/products/1970s-sputnik-suspension-lamp-made-in-murano-in-star-form,200
https://www.classic2modern.com/products/100-sofa,200
https://www.mrandmrswhite.net/products/gift-card-2,200
https://www.theimporter.co.nz/products/bookshelf-rosewood,404
https://galaxiemodern.com/products/jens-risom-sofa,404
https://www.theteakplace.com.au/products/garden-bench-cushions,200
https://opulencehome.com/products/lucas-leather-chair,"Cannot connect to host opulencehome.com:443 ssl:True [SSLCertVerificationError: (1, ""[SSL: CERTIFICATE_VERIFY_FAILED] certificate verify failed: Hostname mismatch, certificate is not valid for 'opulencehome.com'. (_ssl.c:1006)"")]"
https://www.mymoderndecor.com/sales@mymoderndecor.com/products/slim-bookcase-800923,"Cannot connect to host www.mymoderndecor.com:443 ssl:True [SSLCertVerificationError: (1, ""[SSL: CERTIFICATE_VERIFY_FAILED] certificate verify failed: Hostname mismatch, certificate is not valid for 'www.mymoderndecor.com'. (_ssl.c:1006)"")]"
https://circa60.com/products/mid-century-modern-walnut-hanging-floating-cabinet&text=Mid%20Century%20Modern%20Walnut%20HANGING%20%20/%20FLOATING%20CABINET,404
https://www.stil.ie/products/butterfly-stool,Cannot connect to host www.stil.ie:443 ssl:default [Temporary failure in name resolution]
https://www.elanfurniturecorp.com/products/elan-furniture-port-indoor-60-bench%20via%20@//twitter.com/elanfurniture,Cannot connect to host www.elanfurniturecorp.com:443 ssl:default [Name or service not known]
https://thecountryfurniture.com/products/sequoia,404
https://lamporia.com/products/tbl4229a,200
https://reecefurniture.com/products/jonkoping-sofa,200
https://ulfertskids.com/products/rectangle-6,200
https://www.turquoise.co.uk/collections/walnut/products/walnut-glass-dining-table-h1096,"Cannot connect to host www.turquoise.co.uk:443 ssl:True [SSLCertVerificationError: (1, ""[SSL: CERTIFICATE_VERIFY_FAILED] certificate verify failed: Hostname mismatch, certificate is not valid for 'www.turquoise.co.uk'. (_ssl.c:1006)"")]"
https://www.thecurious.mx/collections/products/products/arcos-chair,200
https://www.prestige-affairs.com/products/wishbone-y-chair,200
https://www.patiocottage.com/collections/patio-chairs/products/back-pack-chair,"Cannot connect to host www.patiocottage.com:443 ssl:True [SSLCertVerificationError: (1, ""[SSL: CERTIFICATE_VERIFY_FAILED] certificate verify failed: Hostname mismatch, certificate is not valid for 'www.patiocottage.com'. (_ssl.c:1006)"")]"
https://vanspecial.com/products/self-planner,404
https://www.smithmade.com.au/products/spargo-armchair,404
https://www.wbjamieson.com/products/string-system,200
https://theoutdoorpatiostore.com/products/gazebo-8x8,
https://www.eventsuber.com/products/resin-folding-chairs-vinyl-pad&text=1000%20lb.%20Capacity%20Resin%20Folding%20Chair%20w/%20Vinyl%20Padded%20Seat,"Cannot connect to host www.eventsuber.com:443 ssl:True [SSLCertVerificationError: (1, ""[SSL: CERTIFICATE_VERIFY_FAILED] certificate verify failed: Hostname mismatch, certificate is not valid for 'www.eventsuber.com'. (_ssl.c:1006)"")]"
https://www.canvasinteriors.com/collections/rugs/products/lia,200
https://www.autonomousfurniture.com/collections/frontpage/products/pod11-1,404
https://parliamentinteriors.com/products/accessories-and-decor,404
https://www.sunshinefurniture.com.au/products/albert-sofa,200
https://www.bbfurniturestore.co.uk/products/sareer-3000-pocket-sprung-mattress,"Cannot connect to host www.bbfurniturestore.co.uk:443 ssl:True [SSLCertVerificationError: (1, ""[SSL: CERTIFICATE_VERIFY_FAILED] certificate verify failed: Hostname mismatch, certificate is not valid for 'www.bbfurniturestore.co.uk'. (_ssl.c:1006)"")]"
https://baskdesign.com/collections/new-products/products/social-1,"Cannot connect to host baskdesign.com:443 ssl:default [Connect call failed ('74.220.199.6', 443)]"
https://elinahome.com/products/18-x-18-inch-satin-napkins-rhinestone-napkin-rings-party-supplies-christmas-decorations-wedding-birthday-baby-shower,200
https://finditstyleithome.com.au/products/dahlia-mirror-gold-1,200
https://medleyhome.com/products/ridge-accent-chair,200
https://www.modernisedliving.com.au/products/3-sets-tank-pots-grey,Cannot connect to host www.modernisedliving.com.au:443 ssl:default [Name or service not known]
https://shop.humblecrew.com/products/lucky-theory-metal-chair,200
https://www.simplyfurnishing.co.uk/products/4kids-1-door-desk-mobile-with-lemon-handles,Cannot connect to host www.simplyfurnishing.co.uk:443 ssl:default [Name or service not known]
https://uniqwafurniture.com.au/collections/decorative-decor/products/bwindi-wall-art,404
https://woodshopfogoisland.ca/products/bertha-chair,200
https://profilesny.com/collections/art/products/bleach-scarf,404
https://www.hanaleyinteriors.co.uk/products/page/3/,Cannot connect to host www.hanaleyinteriors.co.uk:443 ssl:default [Name or service not known]
https://www.thefurniturefactory.org.uk/products/warwick-dining-set,200
http://mollanbros.co.uk/products/page/4/,423
https://atouchoffurniture.co.uk/products/alton-3-seat-sofa,404
https://tiger-oak.com/products/skovby-portable-bar,200
https://www.georgestreet.co.uk/products/e1-flush-3-light-ceiling-light/,200
https://www.needlerock.co.uk/products/chairs,404
https://jordansinteriors.ca/products/park-slope-desk,200
http://camerich-bd.com/products/,200
https://coastalhomecollective.com.au/products/wooden-tray,200
https://bestfurniture.co.nz/products/linea-sideboard,200
https://www.imfurniturestore.com/products/sofa,Cannot connect to host www.imfurniturestore.com:443 ssl:default [Name or service not known]
https://pastoesales.com/products/vision-sideboard-5,"Cannot connect to host pastoesales.com:443 ssl:True [SSLCertVerificationError: (1, '[SSL: CERTIFICATE_VERIFY_FAILED] certificate verify failed: self-signed certificate (_ssl.c:1006)')]"
https://lexiconhome.com/products/h181000a70wh&via=&text=Chai%20Accent%20Chest%20w/%20Mirror%20Door,404
https://www.soleilcollective.com/collections/beds/products/driade-edward-i-double-panel-bed,"Cannot connect to host www.soleilcollective.com:443 ssl:True [SSLCertVerificationError: (1, ""[SSL: CERTIFICATE_VERIFY_FAILED] certificate verify failed: Hostname mismatch, certificate is not valid for 'www.soleilcollective.com'. (_ssl.c:1006)"")]"
https://www.valaray.com/collections/all/products/scandormi-sofa,"Cannot connect to host www.valaray.com:443 ssl:True [SSLCertVerificationError: (1, ""[SSL: CERTIFICATE_VERIFY_FAILED] certificate verify failed: Hostname mismatch, certificate is not valid for 'www.valaray.com'. (_ssl.c:1006)"")]"
https://empirefurniture.co.nz/products/recliner-lounge-suite,Cannot connect to host empirefurniture.co.nz:443 ssl:default [Name or service not known]
https://adona.in/products/adona-adonica-fusion-king-bed-plywood,200
https://timleveson.shop/products/nico-sofa-1750-urban,Cannot connect to host timleveson.shop:443 ssl:default [No address associated with hostname]
https://shop.gubi.com/products/epic-dining-table,200
https://nativelifestyle.co.uk/products/cons-cesar01,200
https://gibsonpatioshop.com/products/index.html,404
https://hoomefurniture.com/products/page/2/,Cannot connect to host hoomefurniture.com:443 ssl:default [Name or service not known]
https://www.thenineschools.co.uk/collections/trunk/products/oriental-decorated-blue-trunk,404
https://us.alexandrallewellyn.com/products/leaf,404
https://yourpatiostore.com/products/zara-loveseat,404
https://bohincstudio.com/collections/vases/products/jupiter-vase,200
https://austinleathergallerytx.com/products/,Cannot connect to host austinleathergallerytx.com:443 ssl:default [Temporary failure in name resolution]
https://www.idealfurnishings.co.uk/products/amsterdam-double-bedstead,404
https://www.villalane.com.au/products/gift-card,
https://ingoodcompany.com.au/collections/new-arrivals/products/kuru-bowl-ceramic-37cm-grey,404
https://rutherford-romaguera2611.myshopify.com/products/teddy-rug%20via%20@//twitter.com/undergrndmedia,404
http://olgunstore.com/en/products/sleeping-products/toppers/,404
https://www.saladinostyle.com/products/nature,200
https://finelinefurnitureandaccessories.com/products/colosso-woven-neoprene-hand-knotted-basket,200
https://bungalowfurniture.com/products/bath-mat,404
https://ajnaliving.com/products/provence-sofa,"Cannot connect to host ajnaliving.com:443 ssl:True [SSLCertVerificationError: (1, ""[SSL: CERTIFICATE_VERIFY_FAILED] certificate verify failed: Hostname mismatch, certificate is not valid for 'ajnaliving.com'. (_ssl.c:1006)"")]"
https://camerichseattle.com/products/rugs/,200
https://www.countrytime.ca/products/,404
https://domedeco.us/categories/639951/carpets/products/zu140200{slash}an/woolen-carpet-_singlequotes_zubair_singlequotes_,404
https://donar.si/products/collodi,200
https://foldsmart.co.uk/collections/frontpage/products/deep-double-bookcase,"Cannot connect to host foldsmart.co.uk:443 ssl:True [SSLCertVerificationError: (1, ""[SSL: CERTIFICATE_VERIFY_FAILED] certificate verify failed: Hostname mismatch, certificate is not valid for 'foldsmart.co.uk'. (_ssl.c:1006)"")]"
https://foreverfurniture.ca/products/living/palliser-furniture/india-leather-sofa,404
https://www.gblfurniture.com/products/provence-1door-cabinet,200
https://sigmanmills.com/products/gift-card,404
https://www.thechesterfieldshop.com/products/sofas/,403
https://westbridgefurniturestoke.co.uk/products/view/890,200
https://zulufurniture.com/products/posh,Cannot connect to host zulufurniture.com:443 ssl:default [Name or service not known]
https://www.hopperstudio.com/products/sofia-nightstand,200
https://furnituremaddness.com/products/l-shape-leather-lounge,Cannot connect to host furnituremaddness.com:443 ssl:default [Name or service not known]
https://suncoastsitra.shoptiqstore.com.sg/products/footstool&media=https://cdn.store-assets.com/s/257913/i/8659911_480x.jpeg&description=Footstool,Cannot connect to host suncoastsitra.shoptiqstore.com.sg:443 ssl:default [Name or service not known]
https://www.therejectshop.sg/products/page/3,404
https://www.angliarecliners.co.uk/products/swan/,
https://www.centralliving.co.uk/products/vik-desk-chair,404
http://www.furnimax.co.uk/products/more-sleep-cadiz-double-complete-set/,200
http://www.makebuildmend.co.uk/products/,Cannot connect to host www.makebuildmend.co.uk:80 ssl:default [Name or service not known]
https://headandhaft.co.uk/products/tir,"Cannot connect to host headandhaft.co.uk:443 ssl:True [SSLCertVerificationError: (1, ""[SSL: CERTIFICATE_VERIFY_FAILED] certificate verify failed: Hostname mismatch, certificate is not valid for 'headandhaft.co.uk'. (_ssl.c:1006)"")]"
https://hilaryandflo.co.uk/products/nice-print,200
https://pepegarden.co.uk/products/erica-park-bench,200
https://pinchdesign.co.uk/products/emil,Cannot connect to host pinchdesign.co.uk:443 ssl:default [No address associated with hostname]
https://www.sartra.co.uk/products/beaufort-large-oak-tv-unit,"Cannot connect to host www.sartra.co.uk:443 ssl:True [SSLCertVerificationError: (1, ""[SSL: CERTIFICATE_VERIFY_FAILED] certificate verify failed: Hostname mismatch, certificate is not valid for 'www.sartra.co.uk'. (_ssl.c:1006)"")]"
https://shannonsales.co.uk/products/special-offers/special-offers-and-sale-items/,200
https://settlehome.co.uk/products/double-pair-of-triple-pinch-pleat-curtains-in-zoffany,200
https://www.simplyhammocks.co.uk/collections/new-products/products/denim-hammock,200
https://www.solidoakfurniture.co.uk/products/beds.html,"Cannot connect to host www.solidoakfurniture.co.uk:443 ssl:True [SSLCertVerificationError: (1, ""[SSL: CERTIFICATE_VERIFY_FAILED] certificate verify failed: Hostname mismatch, certificate is not valid for 'www.solidoakfurniture.co.uk'. (_ssl.c:1006)"")]"
https://tiffanyjayne.co.uk/products/small-hooks,200
https://www.whytesofcrossgar.co.uk/products/otto-accent-chair,404
https://glenwoodfurnishings.co.uk/collections/dining-room/products/cambridge-dining-set,"Cannot connect to host glenwoodfurnishings.co.uk:443 ssl:True [SSLCertVerificationError: (1, ""[SSL: CERTIFICATE_VERIFY_FAILED] certificate verify failed: Hostname mismatch, certificate is not valid for 'glenwoodfurnishings.co.uk'. (_ssl.c:1006)"")]"
https://furniturebylauren.co.uk/products/mayfair-bedroom/,404
https://thefurniture-house.co.uk/products/new-grey-recliner-sofa,200
https://lloydloom-uk.co.uk/products/ellwood,404
https://www.dillamores.co.uk/products/claremont-two-seater-sherborne/,200
https://www.royalcraft.co.uk/products/ascot-shed-2,404
https://www.fireandco.co.uk/products/fire,404
https://www.askewsfurniture.co.uk/products/disposal-of-old-mattress,200
https://www.theattikstannes.co.uk/products/stunning-mid-century-vintage-teak-portwood-sideboard-credenza-1205,404
http://andywilx.co.uk/collections/cushions/products/dreaming-cushion,404
https://www.bridgnorthfurniture.co.uk/products/verona-chair,404
https://britishhomeinteriors.co.uk/products/mirrored-fireplace,200
http://davidmoura.co.uk/products/eight-light-antler-chandelier,200
https://www.theurbaneditions.com/products/marston-wide-desk-on-minimalist-square-legs,200
http://furniture4lettings.co.uk/../products/sofas/,404
https://furnituredirectonline.co.uk/products/page/2/,404
https://furniturevilla.co.uk/products/living-room-furniture/desk,200
https://www.grandadsshedbrigg.co.uk/products/living/east-indies-living/,200
https://hanchicsfurniture.co.uk/products/stag-f-b-sideboard,200
http://imaginexfurniture.uk/collections/sarah/products/sarah-grey-birch-italian-coffee-table,Cannot connect to host imaginexfurniture.uk:80 ssl:default [Name or service not known]
https://limesinteriors.co.uk/collections/popular-items/products/abree-lamp,Cannot connect to host limesinteriors.co.uk:443 ssl:default [Name or service not known]
http://m-edition.co.uk/products/ch103-sofa,Cannot connect to host m-edition.co.uk:80 ssl:default [Name or service not known]
http://macquillanhome.co.uk/products/dressing-table-and-mirror-mqfn187.html,404
https://www.nabisottomanfurniture.co.uk/products/chesterfield-diamante-bed-frame,200
https://paulcaseboutique.co.uk/products/spyder-dining-chair,Cannot connect to host paulcaseboutique.co.uk:443 ssl:default [Name or service not known]
https://www.poppiesfurnituredirect.co.uk/apps/webstore/products/show/5373703,200
https://www.reckageathome.co.uk/products/re014,200
https://rotherwoodfurniture.com/products/silverton-135cm-bedstead,"Cannot connect to host rotherwoodfurniture.com:443 ssl:True [SSLCertVerificationError: (1, ""[SSL: CERTIFICATE_VERIFY_FAILED] certificate verify failed: Hostname mismatch, certificate is not valid for 'rotherwoodfurniture.com'. (_ssl.c:1006)"")]"
https://www.search4furniture.com/products/ritz-bed,
https://shop4sofas.co.uk/products/rye,"Cannot connect to host shop4sofas.co.uk:443 ssl:True [SSLCertVerificationError: (1, ""[SSL: CERTIFICATE_VERIFY_FAILED] certificate verify failed: Hostname mismatch, certificate is not valid for 'shop4sofas.co.uk'. (_ssl.c:1006)"")]"
https://www.simplyhomeinteriors.co.uk/products/wiemann-luxor,404
http://www.sjdfurniture.co.uk/products/,Cannot connect to host www.sjdfurniture.co.uk:80 ssl:default [Name or service not known]
https://thedorsetfurniturecompany.co.uk/products/arctic-white-high-gloss-150cm-shelf,Cannot connect to host thedorsetfurniturecompany.co.uk:443 ssl:default [Name or service not known]
http://thefurnitureshopblackhall.co.uk/products/,Cannot connect to host thefurnitureshopblackhall.co.uk:80 ssl:default [Name or service not known]
https://www.tobychairs.com/products/toby-table-oak,Cannot connect to host www.tobychairs.com:443 ssl:default [Name or service not known]
https://www.littletulip.com/products/set-200-marble-6,200
https://uniquehomefurnishing.co.uk/products/hzh330,404
https://urbansize.co.uk/products/hallway-tidy,200
https://www.modernfurnituredeals.co.uk/products/ovo,404
https://www.abowed.co.uk/products/oak-four-poster-bed,200
https://www.peterboroughreclinercentre.co.uk/products/reno-chair-with-footstool,"Cannot connect to host www.peterboroughreclinercentre.co.uk:443 ssl:True [SSLCertVerificationError: (1, ""[SSL: CERTIFICATE_VERIFY_FAILED] certificate verify failed: Hostname mismatch, certificate is not valid for 'www.peterboroughreclinercentre.co.uk'. (_ssl.c:1006)"")]"
https://outletbarn.co.uk/collections/corner-sofas/products/ellena-recliner-corner-group-brown-only-limited-stock,404
https://www.oaktreeupholstery.co.uk/products/double-headboard-b-fabric,404
https://www.rightprice.co.uk/collections/all/products/alexis,404
https://www.sheridaninteriors.co.uk/products/celine-fabric-bed,"Cannot connect to host www.sheridaninteriors.co.uk:443 ssl:True [SSLCertVerificationError: (1, ""[SSL: CERTIFICATE_VERIFY_FAILED] certificate verify failed: Hostname mismatch, certificate is not valid for 'www.sheridaninteriors.co.uk'. (_ssl.c:1006)"")]"
https://www.chattelsfurniture.co.uk/products/bedside-table-two-drawers,"Cannot connect to host www.chattelsfurniture.co.uk:443 ssl:True [SSLCertVerificationError: (1, '[SSL: CERTIFICATE_VERIFY_FAILED] certificate verify failed: self-signed certificate (_ssl.c:1006)')]"
https://www.maisonandgarden.co.uk/products/28cm-solar-ball,404
https://igigishop.co.uk/products/cotton-rug,"Cannot connect to host igigishop.co.uk:443 ssl:True [SSLCertVerificationError: (1, ""[SSL: CERTIFICATE_VERIFY_FAILED] certificate verify failed: Hostname mismatch, certificate is not valid for 'igigishop.co.uk'. (_ssl.c:1006)"")]"
https://divine-interiors.co.uk/products/sofa-deposit,Cannot connect to host divine-interiors.co.uk:443 ssl:default [Name or service not known]
https://shackletonsretail.co.uk/products/,404
https://auburnfox.co.uk/products/iron-and-leather-adjustable-stool,404
https://www.decoframe.co.uk/products/,404
https://snugathome.co.uk/products/eiffel-dining-chair,Cannot connect to host snugathome.co.uk:443 ssl:default [Name or service not known]
https://ashtonandcoleman.co.uk/products/tables/lamp-table,404
https://rusticland.co.uk/products/industrial-2x-handmade-x-dining-table-bench-frame-steel-large-table-pedestal-legs,200
https://www.quaysideinteriors.co.uk/products/alexandra-bed-king,404
https://alidasa.co.uk/products/terra-6-3-drawer-pine-white,Cannot connect to host alidasa.co.uk:443 ssl:default [Name or service not known]
https://www.lovettandjudge.co.uk/products/worker-bee-picture,Cannot connect to host www.lovettandjudge.co.uk:443 ssl:default [Name or service not known]
https://www.toplinestore.co.uk/products/valawhi/products/valawhi&title=Vala%20High%20Gloss%20Coffee%20Tabl...&source=http://www.toplinestore.co.uk/products/valawhi,"Cannot connect to host www.toplinestore.co.uk:443 ssl:True [SSLCertVerificationError: (1, ""[SSL: CERTIFICATE_VERIFY_FAILED] certificate verify failed: Hostname mismatch, certificate is not valid for 'www.toplinestore.co.uk'. (_ssl.c:1006)"")]"
https://chelseafurnishings.co.uk/products/ashton-range,200
https://windsorbedding.co.uk/products/,
https://www.arfurnishings.co.uk/products/kyoto-quilted-knockerback-chair,200
https://www.dezilux.co.uk/products/aliya-french-style-console-table,Cannot connect to host www.dezilux.co.uk:443 ssl:default [Name or service not known]
https://www.harperandfaith.co.uk/products/jupiter-bed,"Cannot connect to host ww1.harperandfaith.co.uk:80 ssl:default [Multiple exceptions: [Errno 111] Connect call failed ('0.0.0.0', 80), [Errno 111] Connect call failed ('::', 80, 0, 0)]"
https://elegancehomefurniture.co.uk/products/dylan-crushed-velvet-swivel-cuddle-chair,404
https://www.homeaffections.co.uk/products/wide-display-cabinet-540005-bonoca,Cannot connect to host www.homeaffections.co.uk:443 ssl:default [Name or service not known]
https://hemmingandwills.co.uk/products/arne-desk,404
https://jopa-interiors.co.uk/products/black-weave-cushion-with-tag,Cannot connect to host jopa-interiors.co.uk:443 ssl:default [Name or service not known]
https://airfurniture.co.uk/products/zues-pu-storage-bed,200
https://derwenthouseliving.co.uk/products/,200
https://www.furlon.co.uk/products/194,Cannot connect to host www.furlon.co.uk:443 ssl:default [Name or service not known]
https://rustic-furniture.co.uk/products/curved-open-bedside,Cannot connect to host rustic-furniture.co.uk:443 ssl:default [Name or service not known]
https://www.skhomedecor.co.uk/products/page/2/,Cannot connect to host www.skhomedecor.co.uk:443 ssl:default [Name or service not known]
https://www.onlydiningchairs.com.au/products/wooden-velvet-retro-grey-dining-chair,200
https://www.myharmony.hk/products/woody-slab-table,404
https://afg.us.com/products/ashley-baraga-h410-24,404
https://www.collectioni.com/products/noahs-ark-lounge-swivel-chair,200
https://noho.co/products/noho-move-chair-topper,404
https://odafurniture.com/products/,404
https://savannahspace.com/products/bo-woven-rug,404
https://squarehome.com/products/,200
https://www.sundays-company.com/collections/new-arrivals/products/sink-in-sofa-ecru,404
https://thebeachfurniture.com.au/products/gift-card,200
https://thedesigndepot.co.nz/products/,523
https://superdealfurnituregallery.com/products/tristan-5-piece-kitchen-set,404
https://signaturefinefurniture.ca/products/jacobson-bed,200
http://aonefurniture.in/userdata/products/no%20value,
https://furnituremama.com/products/three-door-wardrobe-mirror-2,200
https://gfurniture.ca/products/,200
https://www.mwfurnitureoutlet.com/products/dresser,404
